source,author,title,description,url,urlToImage,publishedAt,content
"{'id': None, 'name': 'CleanTechnica'}",Zachary Shahan,Tesla “Full Self Driving” Could Come To Other Countries Before Long,"Ever since Tesla started rolling out Full Self Driving (FSD) to non-employee Tesla owners in the US, people in other countries have been asking when they’ll be able to install and use FSD. As far as I remember, it’s always been a vague “someday…” kind of resp…",https://cleantechnica.com/2024/04/23/tesla-full-self-driving-could-come-to-other-countries-before-long/,https://cleantechnica.com/wp-content/uploads/2024/03/Tesla-Model-3-Autostopping-Stop-Light-Autopilot-Full-Self-Driving-CleanTechnica-Stopping-New-FSD.jpeg,2024-04-24T03:55:41Z,"Sign up for daily news updates from CleanTechnica on email. Or follow us on Google News!
Ever since Tesla started rolling out Full Self Driving (FSD) to non-employee Tesla owners in the US, people i… [+3965 chars]"
"{'id': None, 'name': 'CleanTechnica'}",Zachary Shahan,More Than 3× As Many Tesla Model Y Sales As Tesla Model 3 Sales In USA In 1st Quarter,"Tesla’s just had a tough quarter, including in the United States, but a tough quarter for Tesla would be a stunning, fantabulous success for any other company trying to sell electric vehicles. In the USA, according to data from Cox Automotive and Kelley Blue …",https://cleantechnica.com/2024/04/19/more-than-3x-as-many-tesla-model-y-sales-as-tesla-model-3-sales-in-usa-in-1st-quarter/,https://cleantechnica.com/wp-content/uploads/2024/02/New-Tesla-Model-Y-Model-3-Model-S-Model-X-Supercharging-Florida-Station-CleanTechnica-Watermark-Sky-logo-800x445.png,2024-04-20T03:57:24Z,"Sign up for daily news updates from CleanTechnica on email. Or follow us on Google News!
Tesla’s just had a tough quarter, including in the United States, but a tough quarter for Tesla would be a st… [+4173 chars]"
"{'id': None, 'name': 'CleanTechnica'}",Paul Fosse,Tesla Surprises Investors With A Tiny Y & A Tiny 3 As Soon As This Year!,"A lot has been written about the Tesla’s next-generation compact car that used to be widely called the Model 2, including Zach’s excellent article last week about it. Zach asked who might pick up the challenge in place of Tesla doing it. Today, Tesla announce…",https://cleantechnica.com/2024/04/23/tesla-surprises-investors-with-a-tiny-y-a-tiny-3-as-soon-as-this-year/,https://cleantechnica.com/wp-content/uploads/2023/12/Apple-Car-Tesla-Model-3-CleanTechnica-Front-Glass-Watermark-Logo-scaled.jpeg,2024-04-24T01:56:23Z,"Sign up for daily news updates from CleanTechnica on email. Or follow us on Google News!
A lot has been written about the Tesla’s next-generation compact car that used to be widely called the Model … [+6014 chars]"
"{'id': None, 'name': 'CleanTechnica'}",Carolyn Fortuna,The Revisionist Language That Tesla Used In The Q1 2024 Earnings Call,"The Tesla, Inc. Q1 2024 earnings call was fascinating in how Tesla representatives drew on carefully phrased statements to appease and turn around what was then a largely disgruntled shareholder group. The revisionist language within the earnings call took co…",https://cleantechnica.com/2024/04/26/the-revisionist-language-that-tesla-used-in-the-q1-2024-earnings-call/,https://cleantechnica.com/wp-content/uploads/2023/06/Elon-Musk-CleanTechnica-shirt-Tesla-Model-Y-reveal-watermark.jpeg,2024-04-26T19:24:10Z,"Sign up for daily news updates from CleanTechnica on email. Or follow us on Google News!
The Tesla, Inc. Q1 2024 earnings call was fascinating in how Tesla representatives drew on carefully phrased … [+9089 chars]"
"{'id': 'techcrunch', 'name': 'TechCrunch'}",Paul Sawers,French startup FlexAI exits stealth with $30M to ease access to AI compute,"A French startup has raised a hefty seed investment to ""rearchitect compute infrastructure"" for developers wanting to build and train AI applications more...",https://techcrunch.com/2024/04/23/french-startup-flexai-exits-stealth-with-30m-to-ease-access-to-ai-compute/,https://s.yimg.com/ny/api/res/1.2/V7FcJP2rJb.YNXWOmWjLrw--/YXBwaWQ9aGlnaGxhbmRlcjt3PTEyMDA7aD02NzQ-/https://media.zenfs.com/en/techcrunch_350/128964a889f3f6262e9e1f768561ec69,2024-04-24T05:37:28Z,"A French startup has raised a hefty seed investment to ""rearchitect compute infrastructure"" for developers wanting to build and train AI applications more efficiently.
FlexAI, as the company is call… [+10420 chars]"
"{'id': None, 'name': 'CleanTechnica'}",Chris Boylan,Tesla Retreats When It Should be Advancing,"With Tesla’s lackluster performance in Q1 for EV deliveries, one would think the company would pull out all the stops to stimulate demand. And they have started taking the most basic measure, which is seemingly the only one in Elon’s arsenal: slash prices. Te…",https://cleantechnica.com/2024/04/21/tesla-retreats-when-it-should-advance/,https://cleantechnica.com/wp-content/uploads/2024/04/Tesla-Advance-featured.jpg,2024-04-22T03:37:08Z,"Sign up for daily news updates from CleanTechnica on email. Or follow us on Google News!
With Tesla’s lackluster performance in Q1 for EV deliveries, one would think the company would pull out all t… [+5671 chars]"
"{'id': None, 'name': 'Fark.com'}",,"""Wife of Doctor Who Drove Tesla Off Cliff Asks Court to Spare Him Prison"". Wait, Doctor Who drove a Tesla off a cliff? Must have been a Twelfth Doctor episode [Asinine]","""Wife of Doctor Who Drove Tesla Off Cliff Asks Court to Spare Him Prison"". Wait, Doctor Who drove a Tesla off a cliff? Must have been a Twelfth Doctor episode",https://www.fark.com/comments/13242136/Wife-of-Doctor-Who-Drove-Tesla-Off-Cliff-Asks-Court-to-Spare-Him-Prison-Wait-Doctor-Who-drove-a-Tesla-off-a-cliff-Must-have-been-a-Twelfth-Doctor-episode,https://usrimg-full.fark.net/l/lK/fark_lKtuoI-Nab1W3c1dMvEoBJplMag.jpg?AWSAccessKeyId=JO3ELGV4BGLFW7Y3EZXN&Expires=1714968000&Signature=IVephGcp1z1MNnyl5d%2BwJ7mf7j8%3D,2024-05-04T07:05:38Z,"<li>Links are submitted by members of the Fark community.
</li><li>When community members submit a link, they also write a custom headline for the story.
</li><li>Other Farkers comment on the links… [+177 chars]"
"{'id': None, 'name': 'CleanTechnica'}",Zachary Shahan,"Tesla Reaches 1,000 Cybertrucks Produced A Week","There have been a lot of questions about the Tesla Cybertruck’s mass-production potential since the truck was first shown, and we’re clearly in a kind of “production hell” period of the Cybertruck ramp-up. Recently, production was paused and a recall issued b…",https://cleantechnica.com/2024/04/23/tesla-reaches-1000-cybertrucks-produced-a-week/,https://cleantechnica.com/wp-content/uploads/2024/04/Tesla-Cybertruck-production-line.png,2024-04-24T03:50:14Z,"Sign up for daily news updates from CleanTechnica on email. Or follow us on Google News!
There have been a lot of questions about the Tesla Cybertruck’s mass-production potential since the truck was… [+1854 chars]"
"{'id': None, 'name': 'CleanTechnica'}",Zachary Shahan,Pros & Cons of Tesla Supercharging Changes,"As you’ve surely heard, Tesla has laid off 500 employees in the Supercharging division, the majority of its Supercharger team. Upon the sudden news, various reasons were put forth for why Elon Musk might have laid them all off. Reportedly, the core reason was…",https://cleantechnica.com/2024/05/02/pros-cons-of-tesla-supercharging-changes/,https://cleantechnica.com/wp-content/uploads/2024/04/Tesla-location-service-fleet-Supercharger-growth-logo-copy.png,2024-05-02T12:52:16Z,"Sign up for daily news updates from CleanTechnica on email. Or follow us on Google News!
As you’ve surely heard, Tesla has laid off 500 employees in the Supercharging division, the majority of its S… [+6996 chars]"
"{'id': None, 'name': 'Etf.com'}",Sumit Roy,TSLL Surges 86%. Will it Keep Rallying?,The leveraged Tesla ETF jumped on Monday on word that Tesla would roll out FSD in China.,http://www.etf.com/sections/news/tsll-surges-68-will-it-keep-rallying?utm_source=yahoo-finance&utm_medium=rss&utm_campaign=yahoo-finance-rss,https://s.yimg.com/ny/api/res/1.2/fbmh55TQuGxyG1i7iOSmug--/YXBwaWQ9aGlnaGxhbmRlcjt3PTEyMDA7aD02NzU-/https://media.zenfs.com/en/indexuniverse.com/8b7973db41d50f3454f3f3057f86198c,2024-04-29T20:04:03Z,"TSLL Surges 68%. Will it Keep Rallying?
Shares of Tesla Inc. soared 18% on Monday, adding to their massive gains from last week and boosting exchange-traded funds holding the company's stock, as the… [+1766 chars]"
"{'id': None, 'name': 'Slate Magazine'}","Emily Peck, Felix Salmon, and Elizabeth Spiers",Elon Musk Wants His Payday,Elon Musk is bad for Tesla. Why does it want to pay $56 billion to keep him?,https://slate.com/podcasts/slate-money/2024/04/business-tesla-wants-to-keep-elon-musk-and-musk-wants-a-big-payday,https://compote.slate.com/images/0ad4cce0-1643-405e-b092-a65cc2f24b9e.jpeg?crop=1560%2C1040%2Cx0%2Cy0&width=1560,2024-04-20T09:00:00Z,"This week: Elon Musk wants his colossal, court-blocked pay package, and Teslas board wants to give it to him. Felix Salmon, Emily Peck, and Elizabeth Spiers also chat with Alicia Montgomery, current … [+578 chars]"
"{'id': None, 'name': 'BMWBLOG'}",Adrian Padeanu,The New Tesla Model 3 Performance Rivals The 2025 BMW i4 M50,"We’re mere hours away from the world premiere of the 2025 i4 M50 but Tesla is beating BMW to the punch with its own update for the Model 3 Performance. It inherits the subtle design...
First published by https://www.bmwblog.com",https://www.bmwblog.com/2024/04/23/new-tesla-model-3-performance/,https://cdn.bmwblog.com/wp-content/uploads/2024/04/Tesla-Model-3-Performance-7.jpg,2024-04-23T17:28:07Z,Were mere hours away from the world premiere of the 2025 i4 M50 but Tesla is beating BMW to the punch with its own update for the Model 3 Performance. It inherits the subtle design revisions of the r… [+1862 chars]
"{'id': 'bbc-news', 'name': 'BBC News'}",BBC Radio 4,Nikola Tesla,Melvyn Bragg and guests discuss the Serbian-American inventor Nikola Tesla (1856-1943) and his role in the development of electrical systems towards the end of the nineteenth century. He made his name in New York in the contest over which current should flow …,https://www.bbc.co.uk/programmes/m001xvhb,https://ichef.bbci.co.uk/images/ic/1200x675/p0h5bdr7.jpg,2024-05-02T09:15:00Z,Melvyn Bragg and guests discuss the Serbian-American inventor Nikola Tesla (1856-1943) and his role in the development of electrical systems towards the end of the nineteenth century. He made his nam… [+1895 chars]
"{'id': None, 'name': 'redmondpie.com'}",Oliver Haslam,"New Off-Road Cybertruck Features Detailed, Including CyberTent, More","New off-road Cybertruck features have just been detailed, including a new CyberTent mode, and more. Here are all the details.
The post New Off-Road Cybertruck Features Detailed, Including CyberTent, More first appeared on Redmond Pie.",https://www.redmondpie.com/new-off-road-cybertruck-features-detailed-including-cybertent-more/,https://cdn.redmondpie.com/wp-content/uploads/2024/04/offroad.jpg,2024-04-29T18:14:44Z,"Tesla has announced a new Cybertruck software update that is going to add new off-roading capabilities to the electric truck, including CyberTent mode.
The Cybertruck has been available for a couple… [+1759 chars]"
"{'id': None, 'name': 'Daily Beast'}",Kate Briquelet,‘I’m Still in Denial’: Tesla Layoffs Leave Interns High and Dry,"Peter Cziborra/Reuters 
One New York college student was ready to spend the summer in Palo Alto with Tesla’s engineering HR team. Another from Michigan spent thousands on housing for an internship in Austin, Texas, to work with the electric automaker’s firmw…",https://www.thedailybeast.com/im-still-in-denial-tesla-layoffs-leave-interns-high-and-dry,"https://img.thedailybeast.com/image/upload/c_crop,d_placeholder_euli9k,h_2685,w_4773,x_184,y_0/dpr_2.0/c_limit,w_740/fl_lossy,q_auto/v1714783841/2024-04-26T102511Z_760980285_RC2YU6AXLBAJ_RTRMADP_3_TESLA-AUTOPILOT-INVESTIGATION_ynwciq",2024-05-04T00:58:29Z,"One New York college student was ready to spend the summer in Palo Alto with Teslas engineering HR team. Another from Michigan spent thousands on housing for an internship in Austin, Texas, to work w… [+7425 chars]"
"{'id': None, 'name': ""Paul Tan's Automotive News""}",Paul Tan,Tesla Cybertruck on display to public at Pavilion Damansara Heights showroom until May 17,"Tesla Malaysia has announced that the Tesla Cybertruck will be on display to members of the public at the Tesla Experience Centre Pavilion Damansara Heights starting from tomorrow (April 30 2024) up to May 17 […]
The post Tesla Cybertruck on display to public…",https://paultan.org/2024/04/29/tesla-cybertruck-on-display-to-public-at-pavilion-damansara-heights-showroom-until-may-17/,https://paultan.org/image/2024/04/Snapinsta.app_440923715_444863994752220_8380656726953920538_n_1080-630x419.jpg,2024-04-29T12:13:15Z,Tesla Malaysia has announced that the Tesla Cybertruck will be on display to members of the public at the Tesla Experience Centre Pavilion Damansara Heights starting from tomorrow (April 30 2024) up … [+1982 chars]
"{'id': 'rt', 'name': 'RT'}",RT,Tesla stock soars on China deal rumors,"Tesla CEO Elon Musk has reportedly taken steps toward bringing autopilot software to China, causing shares in the automaker to surge Read Full Article at RT.com",https://www.rt.com/business/596758-tesla-shares-china-autopilot-musk/,https://mf.b37mrtl.ru/files/2024.04/article/662fafb520302717c8371c65.jpg,2024-04-29T14:29:56Z,Shares in Tesla have surged following reports that CEO Elon Musk has agreed to partner with Chinese tech giant Baidu for mapping and navigation features to support autonomous driving technology in th… [+2499 chars]
"{'id': None, 'name': 'Windows Central'}",samuelwtolbert@gmail.com (Samuel Tolbert),"PSA: Fallout 4 next-gen update is now available on Xbox, PlayStation and Windows PC","The current-generation upgrade for Fallout 4 is finally available, bringing improved visual modes, new features, bug fixes, and more to players on Xbox Series X|S, Windows PC, and PlayStation 5.",https://www.windowscentral.com/gaming/xbox/psa-fallout-4-current-generation-update-is-now-available-on-xbox-and-windows-pc,https://cdn.mos.cms.futurecdn.net/Vvt2QJg9ztAQbLJDUK7r54-1200-80.png,2024-04-25T15:26:19Z,"What you need to know
<ul><li>Fallout 4's current-generation upgrade is available now on Xbox Series X|S, Windows PC, and PlayStation. </li><li>This update is free for anyone that already owns the g… [+5186 chars]"
"{'id': 'nbc-news', 'name': 'NBC News'}",Rob Wile and Brian Cheung,Doubts about Tesla's performance reach fever pitch as electric vehicle giant reports earnings,"Doubts persist for Tesla as demand for electric vehicles slows, and as some critics contend that Elon Musk seems to be devoting more energy to other projects.",https://www.nbcnews.com/business/business-news/tesla-earnings-report-elon-musk-what-happens-next-sales-robotaxis-rcna148987,"https://media-cldnry.s-nbcnews.com/image/upload/t_nbcnews-fp-1200-630,f_auto,q_auto:best/rockcms/2024-04/240423-elon-musk-ch-1550-42e727.jpg",2024-04-23T20:39:16Z,"Tesla has a reputation for making headlines.
But the Elon Musk-helmed electric vehicle giant is now facing some of the biggest questions in its history amid weakening sales and questions about Musk'… [+5522 chars]"
"{'id': None, 'name': 'Biztoc.com'}",barrons.com,The Rest of the Results,"Beyond EPS and revenue , here's what else was in Tesla's first-quarter earnings report: Lower deliveries and prices pressured profitability. Automotive gross profit margins, excluding regulatory credits, came in at 16.4%, down from almost 19% a year ago. The …",https://biztoc.com/x/7bde68cf9900b2b0,https://c.biztoc.com/p/7bde68cf9900b2b0/s.webp,2024-04-23T21:06:12Z,"Beyond EPS and revenue , here's what else was in Tesla's first-quarter earnings report:Lower deliveries and prices pressured profitability. Automotive gross profit margins, excluding regulatory credi… [+216 chars]"
"{'id': None, 'name': 'Yahoo Entertainment'}",Arpan  Chaturvedi and Aditya Kalra,Tesla vs. Tesla: US carmaker sues Indian namesake for copying trademark,"Elon Musk's carmaker Tesla has sued an Indian battery maker for infringing its trademark by using the brand name ""Tesla Power"" to promote its products...",https://finance.yahoo.com/news/tesla-vs-tesla-us-carmaker-114200415.html,https://media.zenfs.com/en/reuters-finance.com/9ccb2e45d01770af6c122573eadd24b8,2024-05-03T11:42:00Z,"By Arpan Chaturvedi and Aditya Kalra
NEW DELHI (Reuters) - Elon Musk's carmaker Tesla has sued an Indian battery maker for infringing its trademark by using the brand name ""Tesla Power"" to promote i… [+1791 chars]"
"{'id': 'abc-news', 'name': 'ABC News'}",Leah Sarnoff,Are lab-grown diamonds as sustainable as advertised?,Over 60% of lab-grown diamonds are produced in China and India where 63% and respectively 74% of grid electricity results from coal.,https://abcnews.go.com/Business/lab-grown-diamonds-sustainable-advertised/story?id=109046877,https://i.abcnewsfe.com/a/91ba7221-ffc6-4c7f-bf86-c565e9390c9f/lab-diamonds-1-gty-dp-041024_1712780174093_hpMain_16x9.jpg?w=1600,2024-04-23T10:37:44Z,"ABC News is taking a look at solutions for issues related to climate change and the environment with the series The Power of Us: People, The Climate, and Our Future.
The natural diamond industry has… [+9190 chars]"
"{'id': None, 'name': 'Yahoo Entertainment'}",Insider Monkey Transcripts,"Tesla, Inc. (NASDAQ:TSLA) Q1 2024 Earnings Call Transcript","Tesla, Inc. (NASDAQ:TSLA) Q1 2024 Earnings Call Transcript April 23, 2024 Tesla, Inc. isn’t one of the 30 most popular stocks among hedge funds at the end of...",https://finance.yahoo.com/news/tesla-inc-nasdaq-tsla-q1-143558760.html,https://s.yimg.com/ny/api/res/1.2/R3DsTXHuX1Up50du0B.awA--/YXBwaWQ9aGlnaGxhbmRlcjt3PTEyMDA7aD02NzM-/https://media.zenfs.com/en/insidermonkey.com/1277c6032fd09b727a10249a170024cf,2024-04-24T14:35:58Z,"Tesla, Inc. (NASDAQ:TSLA) Q1 2024 Earnings Call Transcript April 23, 2024
Tesla, Inc. isnt one of the 30 most popular stocks among hedge funds at the end of the third quarter (see the details here).… [+4306 chars]"
"{'id': None, 'name': 'Yahoo Entertainment'}",Brie Stimson,Elon Musk sues Indian battery company Tesla Power for trademark infringement,"Tesla, Inc., owned by Elon Musk, has sued an India company called Tesla Power India in the Delhi High Court, alleging copyright infringement.",https://finance.yahoo.com/news/elon-musk-sues-indian-battery-004150121.html,https://s.yimg.com/ny/api/res/1.2/l7xLxVVjWBC08XBveJl9Xw--/YXBwaWQ9aGlnaGxhbmRlcjt3PTEyMDA7aD02NzU-/https://media.zenfs.com/en/fox_business_text_367/215f3abc99077033c731ef25b43684d9,2024-05-04T00:41:50Z,"Tesla, Inc., of which Elon Musk is CEO, has filed a lawsuit in India against an Indian battery company called Tesla Power over alleged trademark infringement.
Musks Tesla, Inc. sent a cease-and-desi… [+2396 chars]"
"{'id': None, 'name': 'Forbes'}","Brendan Ahern, Senior Contributor, 
 Brendan Ahern, Senior Contributor
 https://www.forbes.com/sites/brendanahern/","China Market Update: Tesla & Baidu Venture Wins, Panda Diplomacy, & Another Massive Net Buy Day In Northbound Stock Connect","Real estate was the top-performing sector in both Hong Kong, where it gained +4.4% and Mainland China, where it gained +6.39% on reports that Chengdu lifted property p...",https://www.forbes.com/sites/brendanahern/2024/04/29/china-market-update-tesla--baidu-venture-wins-panda-diplomacy--another-massive-net-buy-day-in-northbound-stock-connect/,https://imageio.forbes.com/specials-images/imageserve/662fac0162dc2f9a5acb84d1/0x0.jpg?format=jpg&height=900&width=1600&fit=bounds,2024-04-29T14:20:39Z,"CLN
KraneShares
Key News
Asian equities had a strong night as Mainland China, Taiwan, South Korea, Indonesia, the Philippines, and India posted +1% returns, though Japan was closed for Showa Day i… [+5675 chars]"
"{'id': None, 'name': 'MobileSyrup'}",Brad Bennett,The Tesla Model 3 just got faster,"Right after laying off its entire marketing department, Tesla revealed a new Performance trim with 510-horsepower and 741 Nm of torque. For comparison, the 2019 Model 3 Performance is packed with 470 horsepower. Tesla says the new car can hit top speeds of 16…",https://mobilesyrup.com/2024/04/23/tesla-model-3-got-faster/,https://cdn.mobilesyrup.com/wp-content/uploads/2024/04/Tesla-model-3-performance-scaled.jpg,2024-04-23T21:48:57Z,"Right after laying off its entire marketing department, Tesla revealed a new Performance trim with 510-horsepower and 741 Nm of torque. For comparison, the 2019 Model 3 Performance is packed with 470… [+1044 chars]"
"{'id': 'next-big-future', 'name': 'Next Big Future'}",Brian Wang,Pre-Earnings Tesla Predictions,Brian Wang and Randy Kirk recorded this discussion four days before the Q1 earnings call on Tuesday April 23. We predicted several aspects of the earnings call but also post earnings developments. This was recorded at the same time as the reaction video to th…,https://www.nextbigfuture.com/2024/04/pre-earnings-tesla-predictions.html,https://nextbigfuture.s3.amazonaws.com/uploads/2024/04/Screen-Shot-2024-04-28-at-8.23.54-AM-1024x572.jpg,2024-04-28T15:31:15Z,Brian Wang is a Futurist Thought Leader and a popular Science blogger with 1 million readers per month. His blog Nextbigfuture.com is ranked #1 Science News Blog. It covers many disruptive technology… [+593 chars]
"{'id': None, 'name': 'CleanTechnica'}",Zachary Shahan,Tesla Should Roll Out Ride-Sharing Service Before Robotaxis,"“I feel very confident predicting that there will be autonomous robotaxis from Tesla next year — not in all jurisdictions because we won’t have regulatory approval everywhere.” That’s a quote from Elon Musk, from April 2019. In fact, that’s almost exactly 5 y…",https://cleantechnica.com/2024/04/25/tesla-should-roll-out-ride-sharing-service-before-robotaxis/,https://cleantechnica.com/wp-content/uploads/2024/04/Tesla-ridesharing-network-app-April-2019.jpeg,2024-04-25T13:18:43Z,"Sign up for daily news updates from CleanTechnica on email. Or follow us on Google News!
I feel very confident predicting that there will be autonomous robotaxis from Tesla next year not in all juri… [+3569 chars]"
"{'id': None, 'name': 'Bringatrailer.com'}",bringatrailer,2024 Tesla Cybertruck AWD Foundation Series,"This 2024 Tesla Cybertruck is a Foundation Series example with laser-etched badging, white interior trim, and Full Self-Driving capability. A dual-motor AWD model, it features stainless-steel bodywork, variable-ratio four-wheel steering, a 48-volt electrical …",https://bringatrailer.com/listing/2024-tesla-cybertruck-7/,https://bringatrailer.com/wp-content/uploads/2024/03/2024_telsa_cybertruck_p1010551-77478.jpg,2024-04-27T20:25:17Z,"This 2024 Tesla Cybertruck is a Foundation Series example with laser-etched badging, white interior trim, and Full Self-Driving capability. A dual-motor AWD model, it features stainless-steel bodywor… [+2588 chars]"
"{'id': None, 'name': 'Bringatrailer.com'}",bringatrailer,2024 Tesla Cybertruck AWD Foundation Series,"This 2024 Tesla Cybertruck AWD is a Foundation Series example with laser-etched badging, white interior trim, and Full Self-Driving capability. A dual-motor AWD model, it features stainless-steel bodywork, variable-ratio four-wheel steering, adaptive air susp…",https://bringatrailer.com/listing/2024-tesla-cybertruck-awd-4/,https://bringatrailer.com/wp-content/uploads/2024/04/2024_tesla_cybertruck-awd_img_7833-65258.jpg,2024-04-20T16:45:12Z,"This 2024 Tesla Cybertruck AWD is a Foundation Series example with laser-etched badging, white interior trim, and Full Self-Driving capability. A dual-motor AWD model, it features stainless-steel bod… [+2856 chars]"
"{'id': None, 'name': 'Bringatrailer.com'}",bringatrailer,2024 Tesla Cybertruck AWD Foundation Series,"This 2024 Tesla Cybertruck AWD is a Foundation Series example with laser-etched badging, white interior trim, and Full Self-Driving capability. A dual-motor AWD model, it features stainless-steel bodywork, variable-ratio four-wheel steering, adaptive air susp…",https://bringatrailer.com/listing/2024-tesla-cybertruck-awd-7/,https://bringatrailer.com/wp-content/uploads/2024/04/2024_tesla_cybertruck-awd_2024_tesla_cybertruck-awd_62603eef-0238-49d0-a9ec-58f3f0260fdc-GBI47n-35892-35893-scaled.jpg,2024-05-04T20:05:07Z,"This 2024 Tesla Cybertruck AWD is a Foundation Series example with laser-etched badging, white interior trim, and Full Self-Driving capability. A dual-motor AWD model, it features stainless-steel bod… [+2722 chars]"
"{'id': None, 'name': 'Yahoo Entertainment'}",,Gallery: Tesla Model 3 Performance,,https://consent.yahoo.com/v2/collectConsent?sessionId=1_cc-session_e916e7a9-9991-45dd-b210-3575e688c61f,,2024-04-23T18:28:00Z,"If you click 'Accept all', we and our partners, including 238 who are part of the IAB Transparency &amp; Consent Framework, will also store and/or access information on a device (in other words, use … [+678 chars]"
"{'id': None, 'name': 'Yahoo Entertainment'}",,Why Tesla Stock Tumbled Today,,https://consent.yahoo.com/v2/collectConsent?sessionId=1_cc-session_0c1d29cc-4eae-41f4-b1d4-6b13cff90d94,,2024-04-22T17:43:04Z,"If you click 'Accept all', we and our partners, including 238 who are part of the IAB Transparency &amp; Consent Framework, will also store and/or access information on a device (in other words, use … [+678 chars]"
"{'id': None, 'name': 'CleanTechnica'}",Chris Boylan,"Tesla Referral Program Not Ending, Just Paused, Says Elon Musk","Earlier this week, I railed against Tesla’s decision to discontinue its referral program and the apparent cancellation (instead of expansion) of its fledgling advertising program. Well, Tesla’s advertising program looks like it is dead in the water, since the…",https://cleantechnica.com/2024/04/26/tesla-referral-program-not-ending-just-paused-elon-musk/,https://cleantechnica.com/wp-content/uploads/2024/04/Tesla-referrals-featured-image.jpg,2024-04-26T19:28:01Z,"Sign up for daily news updates from CleanTechnica on email. Or follow us on Google News!
Earlier this week, I railed against Tesla’s decision to discontinue its referral program and the apparent can… [+3458 chars]"
"{'id': None, 'name': 'Biztoc.com'}",watcher.guru,Cryptocurrency: 3 Coins To Buy Under $0.5 in May 2024,The cryptocurrency market experienced the Bitcoin halving event last week where the supply of BTC was cut in half. The development makes Bitcoin scarcely available in the market at a time when there’s a huge demand for the cryptocurrency. As the demand for th…,https://biztoc.com/x/df63ef0aaa1278b9,https://c.biztoc.com/p/df63ef0aaa1278b9/s.webp,2024-04-30T06:04:05Z,The cryptocurrency market experienced the Bitcoin halving event last week where the supply of BTC was cut in half. The development makes Bitcoin scarcely available in the market at a time when theres… [+279 chars]
"{'id': None, 'name': 'Biztoc.com'}",investing.com,Stock Market Today: S&P 500 rallies on tech strength ahead of big tech earnings By,"Investing.com-- The S&P 500 rallied on tech strength Monday, rebounding from its biggest weekly loss since March last year as investors looked ahead to quarterly earnings from big tech. At 16:00 ET (20:00 GMT), rose 253 points, or 0.7%, rose 0.9%, while rose …",https://biztoc.com/x/d3826fcd3e348f51,https://c.biztoc.com/p/d3826fcd3e348f51/s.webp,2024-04-22T20:16:04Z,"Investing.com-- The S&amp;P 500 rallied on tech strength Monday, rebounding from its biggest weekly loss since March last year as investors looked ahead to quarterly earnings from big tech.At 16:00 E… [+312 chars]"
"{'id': None, 'name': 'Biztoc.com'}",finance.yahoo.com,Why VinFast Auto Stock Collapsed This Week,"Shares of VinFast Auto (NASDAQ: VFS) slumped as much as 30% this week, according to data from S&P Global Market Intelligence. The Vietnam-based electric vehicle (EV) manufacturer reported poor growth and earnings for the first quarter of 2024, causing investo…",https://biztoc.com/x/7958666e247630a4,https://c.biztoc.com/p/7958666e247630a4/s.webp,2024-04-20T17:52:05Z,"Shares of VinFast Auto (NASDAQ: VFS) slumped as much as 30% this week, according to data from S&amp;P Global Market Intelligence. The Vietnam-based electric vehicle (EV) manufacturer reported poor gr… [+302 chars]"
"{'id': None, 'name': 'Biztoc.com'}",nytimes.com,"Tesla’s Profit Fell 55%, Adding to Concerns About Its Strategy","Investors are hoping that Elon Musk, Tesla’s chief executive, will answer questions about the company’s strategy when he holds a conference call Tuesday. The first-quarter results will very likely fuel worries that competitors will continue grabbing a bigger …",https://biztoc.com/x/c69667c0146a59bf,https://c.biztoc.com/p/c69667c0146a59bf/s.webp,2024-04-23T20:54:10Z,"Investors are hoping that Elon Musk, Teslas chief executive, will answer questions about the companys strategy when he holds a conference call Tuesday.The first-quarter results will very likely fuel … [+279 chars]"
"{'id': None, 'name': 'Biztoc.com'}",zerohedge.com,"Key Events This Week: PCE, GDP, Fed Blackout And Earnings Gallore","Key Events This Week: PCE, GDP, Fed Blackout And Earnings Gallore Hot on the heels of last week's tech and momentum rout, shaken traders will have to wait until Friday for the main macro event namely the US core PCE print within the income and spending report…",https://biztoc.com/x/a7f2805aa040cff6,https://c.biztoc.com/p/a7f2805aa040cff6/s.webp,2024-04-22T14:08:05Z,"Key Events This Week: PCE, GDP, Fed Blackout And Earnings Gallore 
Hot on the heels of last week's tech and momentum rout, shaken traders will have to wait until Friday for the main macro event name… [+279 chars]"
"{'id': None, 'name': 'Biztoc.com'}",cryptonews.com,Dogecoin Price Prediction as $700 Million Trading Volume Sends DOGE into the Green,"Dogecoin Price Prediction In the latest Dogecoin price prediction, a notable 24-hour trading volume of $700 million has propelled DOGE to a 2.75% increase, trading at $0.150180. As this meme-inspired cryptocurrency retains its 8th place on CoinMarketCap with …",https://biztoc.com/x/7e8c4cdb73d1af99,https://c.biztoc.com/p/7e8c4cdb73d1af99/s.webp,2024-04-28T16:10:06Z,"Dogecoin Price PredictionIn the latest Dogecoin price prediction, a notable 24-hour trading volume of $700 million has propelled DOGE to a 2.75% increase, trading at $0.150180. As this meme-inspired … [+298 chars]"
"{'id': None, 'name': 'Biztoc.com'}",aol.com,Hertz is done gambling with EVs: It took a first-quarter $195 million hit on Teslas that just keep losing value and can’t sell them fast enough,"Hertz is hurting. The company was expecting a challenging first quarter, but it got more than it bargained for: It reported a $392 million adjusted net loss on Thursday. Despite increases in rental car demand, Hertz said it’s been bruised by its fleet of elec…",https://biztoc.com/x/fce7a589d14b3007,https://c.biztoc.com/p/fce7a589d14b3007/s.webp,2024-04-26T00:22:06Z,"Hertz is hurting. The company was expecting a challenging first quarter, but it got more than it bargained for: It reported a $392 million adjusted net loss on Thursday. Despite increases in rental c… [+286 chars]"
"{'id': None, 'name': 'Biztoc.com'}",finance.yahoo.com,Hertz is done gambling with EVs: It took a first-quarter $195 million hit on Teslas that just keep losing value and can’t sell them fast enough,"Hertz is hurting. The company was expecting a challenging first quarter, but it got more than it bargained for: It reported a $392 million adjusted net loss on Thursday. Despite increases in rental car demand, Hertz said it’s been bruised by its fleet of elec…",https://biztoc.com/x/4c28cd21481a99c0,https://c.biztoc.com/p/4c28cd21481a99c0/s.webp,2024-04-26T16:56:04Z,"Hertz is hurting. The company was expecting a challenging first quarter, but it got more than it bargained for: It reported a $392 million adjusted net loss on Thursday. Despite increases in rental c… [+298 chars]"
"{'id': None, 'name': 'Biztoc.com'}",finbold.com,Dogecoin could be on the road to a “long-term bullish rally”,"Meme cryptocurrency Dogecoin (DOGE) continues to dominate the spotlight amid the ongoing market recovery, posting significant gains as it strives to breach the $0.20 resistance. In this regard, a crypto analyst using the pseudonym Behdark in a TradingView pos…",https://biztoc.com/x/410520a832385d35,https://c.biztoc.com/p/410520a832385d35/s.webp,2024-05-05T13:00:14Z,"Meme cryptocurrency Dogecoin (DOGE) continues to dominate the spotlight amid the ongoing market recovery, posting significant gains as it strives to breach the $0.20 resistance.In this regard, a cryp… [+244 chars]"
"{'id': None, 'name': 'Biztoc.com'}",investorplace.com,Stock Market Crash Warning: Don’t Get Caught Holding These 3 EV Charging Stocks,"EV charging stocks, despite a boon in infrastructure spending, will suffer from sectoral headwinds. The electric vehicle (EV) market continues to suffer from key demand risks. Interest rates in the United States and abroad remain elevated and will likely rema…",https://biztoc.com/x/e4cef5762c56d542,https://c.biztoc.com/p/e4cef5762c56d542/s.webp,2024-05-05T11:04:08Z,"EV charging stocks, despite a boon in infrastructure spending, will suffer from sectoral headwinds.The electric vehicle (EV) market continues to suffer from key demand risks. Interest rates in the Un… [+283 chars]"
"{'id': None, 'name': 'Biztoc.com'}",investorplace.com,3 EV Stocks That Could Be Multibaggers in the Making: April Edition,"Energize your portfolio with these EV picks Investing in electric vehicle (EV) stocks has become a standout trend of the decade. However, it comes with inherent volatility. As of 2024, global EV demand shows signs of weakening. Despite this, the future of the…",https://biztoc.com/x/665d05a59d41179f,https://c.biztoc.com/p/665d05a59d41179f/s.webp,2024-04-23T11:48:05Z,"Energize your portfolio with these EV picksInvesting in electric vehicle (EV) stocks has become a standout trend of the decade. However, it comes with inherent volatility.As of 2024, global EV demand… [+293 chars]"
"{'id': None, 'name': 'Biztoc.com'}",investorplace.com,Stock Moving Today?,AFRM stock is falling on WMT's addition of One Affirm (NASDAQ:AFRM) stock is falling on Tuesday after Walmart’s (NYSE:WMT) One launched its buy now pay later (BNPL) service at the retail giant’s stores. With this comes the addition of One of the company’s kio…,https://biztoc.com/x/262167c5623c3bde,https://c.biztoc.com/p/262167c5623c3bde/s.webp,2024-04-23T14:22:08Z,AFRM stock is falling on WMT's addition of OneAffirm (NASDAQ:AFRM) stock is falling on Tuesday after Walmarts (NYSE:WMT) One launched its buy now pay later (BNPL) service at the retail giants stores.… [+280 chars]
"{'id': None, 'name': 'Biztoc.com'}",bostonherald.com,Tesla’s first-quarter net income tumbles 55% as falling global sales and price cuts reduce profits,"Tesla’s first-quarter net income plummeted 55% as falling global sales and price cuts sliced into the electric vehicle maker’s revenue and profit margins. The Austin, Texas, company said it made $1.13 billion from January through March compared with $2.51 bil…",https://biztoc.com/x/136bb0ce9f87e99a,https://c.biztoc.com/p/136bb0ce9f87e99a/s.webp,2024-04-23T21:04:08Z,"Teslas first-quarter net income plummeted 55% as falling global sales and price cuts sliced into the electric vehicle makers revenue and profit margins.The Austin, Texas, company said it made $1.13 b… [+289 chars]"
"{'id': None, 'name': 'Biztoc.com'}",investorplace.com,3 EV Stocks to Buy ASAP Before Demand Ramps Right Back Up,"These stocks are screaming buys before an EV comeback Since the beginning of 2024, concern for the electric vehicle (EV) market has risen while many EV stocks have trended downward. After enjoying a red-hot surge of enthusiasm, the sector has definitely coole…",https://biztoc.com/x/df25bb6eb354d0cc,https://c.biztoc.com/p/df25bb6eb354d0cc/s.webp,2024-04-24T22:22:08Z,"These stocks are screaming buys before an EV comebackSince the beginning of 2024, concern for the electric vehicle (EV) market has risen while many EV stocks have trended downward. After enjoying a r… [+284 chars]"
"{'id': None, 'name': 'Biztoc.com'}",aol.com,Doubts about Tesla's performance reach fever pitch as electric vehicle giant reports earnings,But the Elon Musk-helmed electric vehicle giant is now facing some of the biggest questions in its history amid weakening sales and questions about Musk's focus. A growing share of investors want to know where the company is heading now that demand for all-el…,https://biztoc.com/x/d5b422eb91fd5947,https://c.biztoc.com/p/d5b422eb91fd5947/s.webp,2024-04-23T20:52:05Z,But the Elon Musk-helmed electric vehicle giant is now facing some of the biggest questions in its history amid weakening sales and questions about Musk's focus.A growing share of investors want to k… [+266 chars]
"{'id': None, 'name': 'Biztoc.com'}",fortune.com,Elon Musk’s shock firing of Supercharger team sparks broader fears about the future of the EV industry,"Elon Musk is on the warpath. Now the electric vehicle industry is no longer growing exponentially, he’s pivoting towards robotics having sacked more than a tenth of his workforce, shelved plans to build a low-cost car and fired his head of fast charging. Whil…",https://biztoc.com/x/df7ca7cc72b70464,https://c.biztoc.com/p/df7ca7cc72b70464/s.webp,2024-05-02T14:08:05Z,"Elon Musk is on the warpath. Now the electric vehicle industry is no longer growing exponentially, hes pivoting towards robotics having sacked more than a tenth of his workforce, shelved plans to bui… [+290 chars]"
"{'id': None, 'name': 'Biztoc.com'}",abcnews.go.com,Volkswagen revamps its approach in China in bid to overtake upstart EV makers,"Foreign automakers have been caught flat-footed in China by an electric vehicle boom that has shaken up the market over the last three years BEIJING -- As auto giant Volkswagen AG races to catch up with upstart Chinese competitors, it has drivers like 26-year…",https://biztoc.com/x/f961119170a55d05,https://c.biztoc.com/p/f961119170a55d05/s.webp,2024-04-28T14:48:05Z,Foreign automakers have been caught flat-footed in China by an electric vehicle boom that has shaken up the market over the last three yearsBEIJING -- As auto giant Volkswagen AG races to catch up wi… [+310 chars]
"{'id': None, 'name': 'Biztoc.com'}",aol.com,Musk's visit to China was a much-needed win for both sides,"None Elon Musk just made a quick trip to China, where he met with senior officials and struck a deal. • None The Beijing visit comes as trade tensions have ratcheted up between China and the US, including over EVs. • None And Musk notably skipped a recent vis…",https://biztoc.com/x/afa2e90d5875992d,https://c.biztoc.com/p/afa2e90d5875992d/s.webp,2024-04-30T09:44:08Z,"None Elon Musk just made a quick trip to China, where he met with senior officials and struck a deal.None The Beijing visit comes as trade tensions have ratcheted up between China and the US, includi… [+252 chars]"
"{'id': None, 'name': 'CleanTechnica'}",Steve Hanley,Tesla Clears FSD Hurdle In China But System Faces Further Scrutiny In US,"Tesla has won a key approval to roll out its Full Self Driving software suite in China but is facing calls for more regulations in the US, 
The post Tesla Clears FSD Hurdle In China But System Faces Further Scrutiny In US appeared first on CleanTechnica.",https://cleantechnica.com/2024/04/29/tesla-clears-fsd-hurdle-in-china-but-system-faces-further-scrutiny-in-us/,https://cleantechnica.com/wp-content/uploads/2024/04/Tesla-FSD-fail.png,2024-04-29T15:13:10Z,"Sign up for daily news updates from CleanTechnica on email. Or follow us on Google News!
The Beijing auto show is going on this week and Elon Musk made a quick trip to the Chinese capital, but not t… [+8532 chars]"
"{'id': None, 'name': 'Forbes'}","Billy Bambrough, Senior Contributor, 
 Billy Bambrough, Senior Contributor
 https://www.forbes.com/sites/billybambrough/","X ‘End Goal’ Revealed After Elon Musk Teased A Crypto Payments Bombshell That Could Blow up The Price Of Bitcoin, Ethereum, XRP And Dogecoin","An executive at Musk's social media company X has revealed the platforms payments ""end goal"" that could play havoc with the bitcoin price and wider crypto market...",https://www.forbes.com/sites/digital-assets/2024/04/28/x-end-goal-revealed-after-elon-musk-teased-a-crypto-payments-bombshell-that-could-blow-up-the-price-of-bitcoin-ethereum-xrp-and-dogecoin/,https://imageio.forbes.com/specials-images/imageserve/65a681d8f8e278139e96031d/0x0.jpg?format=jpg&height=900&width=1600&fit=bounds,2024-04-28T12:15:18Z,"Bitcoinalong with other major cryptocurrencies ethereum, XRPXRP
 and dogecoinhave rocketed higher over the last year (and now could be heading into a key week).
Subscribe now to Forbes' CryptoAsset… [+3803 chars]"
"{'id': None, 'name': 'Forbes'}","Mary Whitfill Roeloffs, Forbes Staff, 
 Mary Whitfill Roeloffs, Forbes Staff
 https://www.forbes.com/sites/maryroeloffs/","Almost 65,000 Job Cuts Were Announced In April—And AI Was Blamed For The Most Losses Ever","Tesla's announcement of 14,000 layoffs made automotive the sector with the most job loss in April.",https://www.forbes.com/sites/maryroeloffs/2024/05/02/almost-65000-job-cuts-were-announced-in-april-and-ai-was-blamed-for-the-most-losses-ever/,"https://imageio.forbes.com/specials-images/imageserve/663289a740c04993f6575e9b/0x0.jpg?format=jpg&crop=929,522,x0,y55,safe&height=900&width=1600&fit=bounds",2024-05-02T11:30:00Z,"Nearly 65,000 people were cut from their jobs at U.S. based companies in April according to a report released Thursday by career services firm Challenger, Gray &amp; Christmas , with continued cuts i… [+2678 chars]"
"{'id': None, 'name': 'Biztoc.com'}",asiafinancial.com,Record Rains See Floods Swamp China’s ‘Factory Floor’,"Record-breaking rains have hit China’s densely populated Pearl River Delta, swamping the province once dubbed the “factory floor of the world”. Guangdong has been battered by unusually heavy, sustained and widespread rainfall over the last week, with powerful…",https://biztoc.com/x/87b9a0f5c18299a0,https://c.biztoc.com/p/87b9a0f5c18299a0/s.webp,2024-04-22T16:16:08Z,"Record-breaking rains have hit Chinas densely populated Pearl River Delta, swamping the province once dubbed the factory floor of the world.Guangdong has been battered by unusually heavy, sustained a… [+310 chars]"
"{'id': None, 'name': 'Biztoc.com'}",aol.com,"Alphabet earnings preview: All eyes on AI investments, ad market growth as Meta disappoints","Alphabet (GOOG, GOOGL) is set to release quarterly earnings after the bell on Thursday, continuing a big week for US tech giants coming off a punishing run on Wall Street. The company is expected to offer updates on the race to turn massive AI investments int…",https://biztoc.com/x/d11e226a07b6380a,https://c.biztoc.com/p/d11e226a07b6380a/s.webp,2024-04-25T14:34:05Z,"Alphabet (GOOG, GOOGL) is set to release quarterly earnings after the bell on Thursday, continuing a big week for US tech giants coming off a punishing run on Wall Street. The company is expected to … [+258 chars]"
"{'id': None, 'name': 'Biztoc.com'}",qz.com,The Dow drops 570 points as hopes for an interest rate cut fade,"It was a rough day for the Dow and other indexes as hotter-than-expected labor data increased speculation that the Federal Reserve would not be cutting interest rates anytime soon. The Federal Open Market Committee (FOMC) meeting began today, and the interest…",https://biztoc.com/x/4269026b1988843e,https://c.biztoc.com/p/4269026b1988843e/og.webp,2024-04-30T20:38:06Z,It was a rough day for the Dow and other indexes as hotter-than-expected labor data increased speculation that the Federal Reserve would not be cutting interest rates anytime soon. The Federal Open M… [+304 chars]
"{'id': None, 'name': 'Biztoc.com'}",watcher.guru,Price Prediction: May 2024,"The cryptocurrency market is undergoing another correction as we say goodbye to April. Bitcoin (BTC) has fallen 5.2% in the weekly charts, trading at just over $62,000. BTC’s plummet has trickled into other assets as well. Dogecoin (DOGE) has fallen 3.7% in t…",https://biztoc.com/x/b2624f32a4977b56,https://c.biztoc.com/p/b2624f32a4977b56/s.webp,2024-04-29T12:34:05Z,"The cryptocurrency market is undergoing another correction as we say goodbye to April. Bitcoin (BTC) has fallen 5.2% in the weekly charts, trading at just over $62,000. BTCs plummet has trickled into… [+282 chars]"
"{'id': None, 'name': 'Biztoc.com'}",fortune.com,Tesla’s Elon Musk speeds past Mark Zuckerberg on the billionaires list after Meta stock plummets on its cash-sucking AI plans,"Tesla’s stock rebound has helped Elon Musk get an edge over megabillionaire rival Mark Zuckerberg to secure his place as the world’s third-richest billionaire. Thanks to on-paper gains from his EV maker, Musk’s net worth rose to $185 billion, a nearly 9% jump…",https://biztoc.com/x/c009a2abecd103cf,https://c.biztoc.com/p/c009a2abecd103cf/og.webp,2024-04-27T02:30:06Z,Teslas stock rebound has helped Elon Musk get an edge over megabillionaire rival Mark Zuckerberg to secure his place as the worlds third-richest billionaire.Thanks to on-paper gains from his EV maker… [+260 chars]
"{'id': None, 'name': 'Biztoc.com'}",forbes.com,Dr. Elon and Mr. Musk: About Tesla’s Chaotic Robotaxi Pivot,The impulsive billionaire calmed investors with plans for cheaper EVs that he previously backburnered. Then he muddled the story by cutting its fast-growing EV charging service team as he prioritizes an autonomous ride business that doesn’t appear close to be…,https://biztoc.com/x/9a48e898b9414bcd,https://c.biztoc.com/p/9a48e898b9414bcd/og.webp,2024-05-03T08:26:10Z,The impulsive billionaire calmed investors with plans for cheaper EVs that he previously backburnered. Then he muddled the story by cutting its fast-growing EV charging service team as he prioritizes… [+279 chars]
"{'id': None, 'name': 'Biztoc.com'}",aol.com,Nvidia CEO Jensen Huang’s staff say he is a demanding perfectionist who’s not easy to work for,"Jensen Huang didn't build Nvidia into a $2 trillion company without setting high standards for his staff—and while they say it makes him difficult to work for, Huang welcomes the label of ""perfectionist"". The Taiwan-born entrepreneur owns approximately 3.5% o…",https://biztoc.com/x/d3922fe09e5ddab5,https://c.biztoc.com/p/d3922fe09e5ddab5/s.webp,2024-04-30T13:28:07Z,"Jensen Huang didn't build Nvidia into a $2 trillion company without setting high standards for his staffand while they say it makes him difficult to work for, Huang welcomes the label of ""perfectioni… [+275 chars]"
"{'id': None, 'name': 'Deadline'}",Armando Tinoco,‘Last Week Tonight’: John Oliver Jokes He’s “Close” To Proving Hugh Jackman Was Brought By A UFO; Dings Tesla For Cybertruck Recall,"John Oliver dedicated his latest episode of Last Week Tonight to UFOs and started talking about the topic, making a crazy joke about Hugh Jackman. “Our main story tonight concerns UFOs,” Oliver said on the HBO late-night show. “They brought us great album art…",http://deadline.com/2024/04/last-week-tonight-john-oliver-jokes-hugh-jackman-ufo-tesla-cybertruck-1235891286/,https://deadline.com/wp-content/uploads/2024/04/hugh-jackman-last-week-tonight.jpg?w=1024,2024-04-22T04:07:22Z,"John Oliver dedicated his latest episode of Last Week Tonight to UFOs and started talking about the topic, making a crazy joke about Hugh Jackman.
“Our main story tonight concerns UFOs,” Oliver said… [+1344 chars]"
"{'id': None, 'name': 'Quartz India'}",William Gavin,Hertz is ditching even more electric cars,"Hertz is ditching more of its fleet of electric vehicles, which it says are unreliable and more expensive than gas-guzzlers, as it reports a $392 million loss for the first quarter of 2024.Read more...",https://qz.com/hertz-ev-sales-tesla-rental-cars-1851438100,"https://i.kinja-img.com/image/upload/c_fill,h_675,pg_1,q_80,w_1200/4e498ed3a2009c4d09e881b6f66ccf65.jpg",2024-04-26T14:34:47Z,"Hertz is ditching more of its fleet of electric vehicles, which it says are unreliable and more expensive than gas-guzzlers, as it reports a $392 million loss for the first quarter of 2024.
The Este… [+1858 chars]"
"{'id': None, 'name': 'Quartz India'}",William Gavin,"Volkswagen workers vote to join the UAW, fueling unionizing push","Workers at Volkswagen’s factory in Chattanooga, Tennessee, have voted to join the United Auto Workers (UAW) union. It’s the UAW’s latest victory in its long road to its goal of organizing every manufacturing plant operated by a major automaker in the United S…",https://qz.com/volkswagen-tennessee-autoworkers-join-uaw-labor-union-1851425883,"https://i.kinja-img.com/image/upload/c_fill,h_675,pg_1,q_80,w_1200/a72225fb4496d08da12b002efd912669.jpg",2024-04-22T15:23:00Z,"Workers at Volkswagens factory in Chattanooga, Tennessee, have voted to join the United Auto Workers (UAW) union. Its the UAWs latest victory in its long road to its goal of organizing every manufact… [+2462 chars]"
"{'id': None, 'name': 'Quartz India'}",Laura Bratton,Wall Street sees Google stock rallying to $200 because maybe Google can win AI after all,"Analysts from JPMorgan, Jefferies, and other firms all hiked their price targets, as fears of AI overtaking search subside",https://qz.com/google-stock-rally-ai-search-wall-street-analysts-1851438633,"https://i.kinja-img.com/image/upload/c_fill,h_675,pg_1,q_80,w_1200/4fa425273d9be3f299bea63e4238cdb9.jpg",2024-04-26T16:28:00Z,"Wall Street thinks Google stock will keep surging after a brief stall in February and March.
Analysts from Jefferies, JPMorgan Chase, Bank of America, and Raymond James on Friday all raised their pr… [+1980 chars]"
"{'id': None, 'name': 'Quartz India'}",Rocio Fabbro,Only 3 states in America have zero billionaires,Billionaires reside across the U.S. — save for a handful of states,https://qz.com/billionaires-america-states-forbes-list-1851454053,"https://i.kinja-img.com/image/upload/c_fill,h_675,pg_1,q_80,w_1200/18a7efa211c3af3de8a852d0e32e1b89.jpg",2024-05-03T14:55:00Z,"newa
From Miamis Billionaire Bunker to San Franciscos Bay Area, and just about everywhere in between, billionaires can be found across the country except in a few select states.
Alaska, Delaware, a… [+2157 chars]"
"{'id': None, 'name': 'Biztoc.com'}",theguardian.com,"Volkswagen ‘the first domino to fall’ after union vote, says UAW president","After celebrating his union’s historic victory at a Volkswagen plant in Tennessee, Shawn Fain, president of the United Auto Workers, told the Guardian that he was confident of more unionization wins at auto plants across the US, saying: “The workers at VW are…",https://biztoc.com/x/3a2c94a8b6555851,https://c.biztoc.com/p/3a2c94a8b6555851/og.webp,2024-04-22T16:28:08Z,"After celebrating his unions historic victory at a Volkswagen plant in Tennessee, Shawn Fain, president of the United Auto Workers, told the Guardian that he was confident of more unionization wins a… [+291 chars]"
"{'id': None, 'name': 'TechSpot'}",Rob Thubron,"Tesla lays off entire Supercharger and new vehicles teams, weeks after previous cuts","Rebecca Tinucci, Tesla's senior director of EV charging, will be leaving the automaker. Being shown the door alongside Tinucci will be all 500 members of the team that reported to her, writes The Information.Read Entire Article",https://www.techspot.com/news/102813-tesla-lays-off-entire-supercharger-new-vehicle-teams.html,https://www.techspot.com/images2/news/bigimage/2023/12/2023-12-21-image-7.jpg,2024-05-01T10:16:00Z,"What just happened? Tesla is making its second round of mass layoffs in just two weeks. This time, it's the Supercharger team that is being let go, along with the head of new vehicle development and … [+2768 chars]"
"{'id': None, 'name': 'Quartz India'}",Morgan Haefner,The Memo: Amenity patrol,"Hello, Memo readers!Read more...",https://qz.com/emails/quartz-at-work/1851441617/the-memo-amenity-patrol,"https://i.kinja-img.com/image/upload/c_fill,h_675,pg_1,q_80,w_1200/83adbbcd48ae7eb6658138af4d5ca12c.jpg",2024-04-29T19:45:00Z,"Hello, Memo readers!
Private call booths. Libraries. Lounge areas. Dining and entertainment.
Would you think were describing an office? Maybe not yet, but businesses sure hope thats how we will one… [+2101 chars]"
"{'id': None, 'name': 'Biztoc.com'}",tftc.io,Coal Giant Alliance Resource Mines 425 BTC,"Alliance Resource Partners (ARLP), a $2.8 billion coal mining company, has announced during a recent Q1 earnings call that it has ventured into bitcoin mining by utilizing excess energy. The company, which is listed on the Nasdaq, is now holding 425 bitcoins …",https://biztoc.com/x/06ed40294b0fef9d,https://c.biztoc.com/p/06ed40294b0fef9d/s.webp,2024-04-30T18:22:10Z,"Alliance Resource Partners (ARLP), a $2.8 billion coal mining company, has announced during a recent Q1 earnings call that it has ventured into bitcoin mining by utilizing excess energy. The company,… [+278 chars]"
"{'id': None, 'name': 'Biztoc.com'}",aol.com,Meta more than doubles Q1 profit but revenue guidance pulls shares down after-hours,"Facebook and Instagram parent company Meta said Wednesday its first-quarter profit more than doubled, boosted by higher advertising revenue and a 6% increase on the average price of ads on its platforms. But its shares dropped sharply in after-hours trading f…",https://biztoc.com/x/d9d3073fc615adfe,https://c.biztoc.com/p/d9d3073fc615adfe/s.webp,2024-04-24T22:38:06Z,"Facebook and Instagram parent company Meta said Wednesday its first-quarter profit more than doubled, boosted by higher advertising revenue and a 6% increase on the average price of ads on its platfo… [+297 chars]"
"{'id': None, 'name': 'Biztoc.com'}",finance.yahoo.com,"Cathie Wood's Ark Invest has destroyed $14 billion in wealth over the past decade, Morningstar says","None Cathie Wood's Ark Invest has destroyed $14 billion in wealth over the past decade. • None A Morningstar analysis found that Ark Invest topped the list of wealth destroyers among other investment companies. • None ""These funds managed to lose value for sh…",https://biztoc.com/x/47c5965d9bfbe3e5,https://c.biztoc.com/p/47c5965d9bfbe3e5/s.webp,2024-04-26T16:56:05Z,None Cathie Wood's Ark Invest has destroyed $14 billion in wealth over the past decade.None A Morningstar analysis found that Ark Invest topped the list of wealth destroyers among other investment co… [+294 chars]
"{'id': None, 'name': 'CleanTechnica'}",Zachary Shahan,US EV Sales Up 170% in 1st Quarter vs. 1st Quarter of 2021,"One of the hottest topics of the year in the auto industry has been hype about EV sales drooping, or at least not living up to expectations. How much substance is actually in that hype? Well, a little bit, but digging deeper, we can see that the EV market is …",https://cleantechnica.com/2024/05/04/us-ev-sales-up-71-in-1st-quarter-vs-1st-quarter-of-2022/,https://cleantechnica.com/wp-content/uploads/2024/05/US-EV-Sales-Changes-CHART.png,2024-05-05T03:58:31Z,"Sign up for daily news updates from CleanTechnica on email. Or follow us on Google News!
One of the hottest topics of the year in the auto industry has been hype about EV sales drooping, or at least… [+1439 chars]"
"{'id': None, 'name': 'Forbes'}","Megan Poinski, Forbes Staff, 
 Megan Poinski, Forbes Staff
 https://www.forbes.com/sites/meganpoinski/",How Businesses Can Attract Government Spending,"The published version of Forbes’ CEO newsletter delivers the latest news for today's and tomorrow's business leaders and decision makers, delivered to inboxes Sundays.",https://www.forbes.com/sites/meganpoinski/2024/04/21/how-businesses-can-attract-government-spending/,"https://imageio.forbes.com/specials-images/imageserve/662515b158667019d7a6a6e8/0x0.jpg?format=jpg&crop=1548,870,x0,y68,safe&height=900&width=1600&fit=bounds",2024-04-21T16:00:08Z,"This is the published version of Forbes CEO newsletter, which offers the latest news for today's and tomorrow's business leaders and decision makers. Click here to get it delivered to your inbox ever… [+12923 chars]"
"{'id': None, 'name': 'CleanTechnica'}",Zachary Shahan,What Is Actually Going On With Tesla’s New “Tiny Y” & “Tiny 3” Approach?,I found something a bit strange and confusing in this quarter’s Tesla shareholder letter and conference call. Much of the news in recent weeks was about Tesla reportedly dropping the lower-cost car it was supposed to be working on. That stemmed from a pretty …,https://cleantechnica.com/2024/04/26/what-is-actually-going-on-with-teslas-new-tiny-y-tiny-3-approach/,https://cleantechnica.com/wp-content/uploads/2023/12/Tesla-Model-3-steering-wheel-service-6-CleanTechnica-watermark.png,2024-04-26T15:35:31Z,"Sign up for daily news updates from CleanTechnica on email. Or follow us on Google News!
I found something a bit strange and confusing in this quarter’s Tesla shareholder letter and conference call.… [+5443 chars]"
"{'id': None, 'name': ""Paul Tan's Automotive News""}",Gerard Lye,Tesla Model 3 rendered as a hatchback and wagon,"Tesla Model 3 hatchback rendering The Tesla Model 3 is the brand’s cheapest electric vehicle (EV) that is offered as a sedan only, but what if there were other body styles available? That’s exactly what […]
The post Tesla Model 3 rendered as a hatchback and w…",https://paultan.org/2024/05/03/tesla-model-3-rendered-as-a-hatchback-and-wagon/,https://paultan.org/image/2024/05/Tesla-Model-3-hatchback-Theo-render-1-1200x628.jpg,2024-05-03T03:19:59Z,"Tesla Model 3 hatchback rendering
The Tesla Model 3 is the brands cheapest electric vehicle (EV) that is offered as a sedan only, but what if there were other body styles available? Thats exactly wh… [+2074 chars]"
"{'id': None, 'name': ""Paul Tan's Automotive News""}",Paul Tan,"2024 Tesla Model 3 Performance now available from RM242k – 460 hp, 0-100 in 3.1s, 528 km range","Tesla has finally released the Performance model of the Tesla Model 3 Highland range. Previously speculated to be called the Model 3 Ludricous because of the badging seen on the rear and the fact that […]
The post 2024 Tesla Model 3 Performance now available …",https://paultan.org/2024/04/24/2024-tesla-model-3-performance-now-available-from-rm242k-460-hp-0-100-in-3-1s-528-km-range/,https://paultan.org/image/2024/04/460-hp-0-100-3.1s-rm242k-1200x630.png,2024-04-24T01:35:14Z,Tesla has finally released the Performance model of the Tesla Model 3 Highland range. Previously speculated to be called the Model 3 Ludricous because of the badging seen on the rear and the fact tha… [+2021 chars]
"{'id': None, 'name': 'MobileSyrup'}",Brad Bennett,Tesla teases beta-looking preview of upcoming Robotaxi app,"Tesla has changed its Robotaxi plan a few times over the years, and its most recent iteration appears to involve a new car and software in the Tesla app. The EV, which is set to be unveiled on August 8th, appears to be an entirely separate vehicle, suggesting…",https://mobilesyrup.com/2024/04/24/tesla-teases-robotaxi-app-interface/,https://cdn.mobilesyrup.com/wp-content/uploads/2024/04/tesla-robotaxi-app-scaled.jpg,2024-04-24T21:02:24Z,"Tesla has changed its Robotaxi plan a few times over the years, and its most recent iteration appears to involve a new car and software in the Tesla app.
The EV, which is set to be unveiled on Augus… [+1472 chars]"
"{'id': None, 'name': 'Forbes'}","JJ Kinahan, Senior Contributor, 
 JJ Kinahan, Senior Contributor
 https://www.forbes.com/sites/jjkinahan/","Amazon Beats, Starbucks Misses, Fed Scheduled To Deliver","According to the CME, it's unlikely we'll see an interest rate cut until at least September.",https://www.forbes.com/sites/jjkinahan/2024/05/01/amazon-beats-starbucks-misses-fed-scheduled-to-deliver/,https://imageio.forbes.com/specials-images/imageserve/62ea7c5fd42d91edc57b70c3/0x0.jpg?format=jpg&height=900&width=1600&fit=bounds,2024-05-01T12:12:38Z,"Starbucks same store sales fell a surprising 4% leading the company to lower earnings forecasts. ... [+] (Photo by Christopher Furlong/Getty Images)
Getty Images
Key Takeaways
<ul><li>Artificial I… [+5893 chars]"
"{'id': None, 'name': 'Forbes'}","Robert Hart, Forbes Staff, 
 Robert Hart, Forbes Staff
 https://www.forbes.com/sites/roberthart/",Elon Musk Says Tesla’s Humanoid Optimus Robot Could Launch Next Year—Here's What Experts Think,"The robots will not come close to bringing in the kind of money Tesla’s cars do, and experts said it’s a long shot as to whether Musk could meaningfully launch Optimus by the end of 2025.",https://www.forbes.com/sites/roberthart/2024/04/26/elon-musk-says-teslas-humanoid-optimus-robot-could-launch-next-year-heres-what-experts-think/,"https://imageio.forbes.com/specials-images/imageserve/662bc0d2a56758681694121e/0x0.jpg?format=jpg&crop=1641,923,x0,y85,safe&height=900&width=1600&fit=bounds",2024-04-26T14:58:55Z,"Tesla could start selling its humanoid Optimus robot by the end of next year and one day will rake in more cash from robots than cars, CEO Elon Musk told investors on Tuesday, another ambitious claim… [+5899 chars]"
"{'id': None, 'name': 'Forbes'}","JJ Kinahan, Senior Contributor, 
 JJ Kinahan, Senior Contributor
 https://www.forbes.com/sites/jjkinahan/",More Earnings And A Fed Meeting,"According to FactSet, 46% of the companies in the S&P 500 have reported earnings, with 77% beating estimates.",https://www.forbes.com/sites/jjkinahan/2024/04/29/more-earnings-and-a-fed-meeting/,https://imageio.forbes.com/specials-images/imageserve/662f8a094ff54d7c8fc89ebb/0x0.jpg?format=jpg&height=900&width=1600&fit=bounds,2024-04-29T12:45:21Z,"Amazon is just one of the bigger names reporting earnings later this week. (Photo by Smith ... [+] Collection/Gado/Getty Images)
Getty Images
Key Takeaways
<ul><li>Big Week For Earnings</li><li>FO… [+4066 chars]"
"{'id': None, 'name': 'Forbes'}","Tracy Price, Forbes Councils Member, 
 Tracy Price, Forbes Councils Member
 https://www.forbes.com/sites/forbesbusinesscouncil/people/tracyprice/",Bidirectional EVs And Bridging The Gap Between AC And DC,I believe it is important for business leaders to understand the potential for electric vehicles that feature an emerging innovation known as bidirectional technology.,https://www.forbes.com/sites/forbesbusinesscouncil/2024/05/01/bidirectional-evs-and-bridging-the-gap-between-ac-and-dc/,https://imageio.forbes.com/specials-images/imageserve/6630fba2d5bfc77e9b2d1a68/0x0.jpg?format=jpg&height=900&width=1600&fit=bounds,2024-05-01T12:45:00Z,"Tracy K. Price is founder &amp; CEO of Qmerit, a leader in implementation solutions for EV charging and other electrification technologies.
getty
Around 1880, the U.S. entered a fork in the road on… [+5826 chars]"
"{'id': None, 'name': 'CleanTechnica'}",Jennifer Sensiba,"No, Tesla Stations Aren’t Open To All EVs (Yet)","A recent article at the San Francisco Chronicle leads with (as of this writing) a headline saying, “Tesla superchargers in California now available for all EVs.” The paywalled article cites a social media post by Governor Gavin Newsom, but there’s just one pr…",https://cleantechnica.com/2024/04/30/no-tesla-stations-arent-open-to-all-evs-yet/,https://cleantechnica.com/wp-content/uploads/2024/03/Bolt-Supercharger-Lectron-Adapter-Jennifer-Sensiba-800x445.png,2024-04-30T12:13:54Z,"Sign up for daily news updates from CleanTechnica on email. Or follow us on Google News!
A recent article at the San Francisco Chronicle leads with (as of this writing) a headline saying, “Tesla sup… [+6820 chars]"
"{'id': None, 'name': 'CleanTechnica'}",Jennifer Sensiba,Did Tesla Really Lay Off The Whole Supercharger Team? Really??,"According to a recent report by Electrek that repeated paywalled reporting by The Information, Tesla has conducted another round of layoffs, this time getting rid of the entire Supercharger team. Without further confirmation from a company that notoriously ma…",https://cleantechnica.com/2024/04/30/did-tesla-really-lay-off-the-whole-supercharger-team-really/,https://cleantechnica.com/wp-content/uploads/2024/03/Bolt-Supercharger-Lectron-Adapter-Jennifer-Sensiba-800x445.png,2024-04-30T12:14:29Z,"Sign up for daily news updates from CleanTechnica on email. Or follow us on Google News!
According to a recent report by Electrek that repeated paywalled reporting by The Information, Tesla has cond… [+6176 chars]"
"{'id': None, 'name': 'CleanTechnica'}",Carolyn Fortuna,Elon Musk’s Leadership Gaps At Tesla Come To A Head,"This past week Tesla announced it was reducing its workforce by 10%. The move comes at a time in which the company’s stock value has plummeted, leading many to question Musk’s leadership. With few tangible plans about the company’s future as sales continued t…",https://cleantechnica.com/2024/04/24/elon-musks-leadership-gaps-at-tesla-come-to-a-head/,https://cleantechnica.com/wp-content/uploads/2024/04/Elon-Musk.jpg,2024-04-24T20:09:54Z,"Sign up for daily news updates from CleanTechnica on email. Or follow us on Google News!
This past week Tesla announced it was reducing its workforce by 10%. The move comes at a time in which the co… [+7805 chars]"
"{'id': None, 'name': 'CleanTechnica'}",Paul Fosse,Why Tesla Going “Hardcore” Might Be A Good Thing,"This article describes my personal experience with the huge companies of IBM and Lucent that went soft and the current events at Tesla. With all the focus these days on the “Magnificent 7,” it is easy to forget the lessons of history. Small and mid-cap stocks…",https://cleantechnica.com/2024/05/01/why-tesla-going-hardcore-might-be-a-good-thing/,https://cleantechnica.com/wp-content/uploads/2023/12/Tesla-Fremont-Office-CleanTechnica-Watermark.jpeg,2024-05-01T20:50:59Z,"Sign up for daily news updates from CleanTechnica on email. Or follow us on Google News!
This article describes my personal experience with the huge companies of IBM and Lucent that went soft and th… [+7659 chars]"
"{'id': None, 'name': 'MobileSyrup'}",Patrick O'Rourke,"Tesla slashes Full Self-Driving’s cost by $5,000 in Canada","Shortly after launching its $99/month Full Self-Driving (FSD) subscription in Canada, Tesla has cut the one-time price of FSD by $5,000, bringing the cost down to $11,000. According to Tesla North, FSD previously cost $16,000 CAD. Full Self-Driving allows Tes…",https://mobilesyrup.com/2024/04/22/tesla-slashes-full-self-driving-cost-by-5000-canada/,https://cdn.mobilesyrup.com/wp-content/uploads/2024/04/tesla-9.jpg,2024-04-22T16:49:18Z,"Shortly after launching its $99/month Full Self-Driving (FSD) subscription in Canada, Tesla has cut the one-time price of FSD by $5,000, bringing the cost down to $11,000.
According to Tesla North, … [+681 chars]"
"{'id': None, 'name': 'Forbes'}","Molly Bohannon, Forbes Staff, 
 Molly Bohannon, Forbes Staff
 https://www.forbes.com/sites/mollybohannon/",Jeff Bezos Overtakes Elon Musk As Second Wealthiest Person In The World,"After jostling for the position of second-wealthiest person in the world more than a dozen times in March, Musk and Bezos are competing closely once again.",https://www.forbes.com/sites/mollybohannon/2024/05/02/jeff-bezos-overtakes-elon-musk-as-second-wealthiest-person-in-the-world/,"https://imageio.forbes.com/specials-images/imageserve/65eb3bd969e324809b3ceaa1/0x0.jpg?format=jpg&crop=3293,1854,x0,y30,safe&height=900&width=1600&fit=bounds",2024-05-02T16:05:11Z,"Amazon founder and chairman Jeff Bezos, who has an estimated net worth of $199.6 billion, is once again the second-wealthiest person in the world as of Thursday, overtaking Tesla CEO Elon Musk, who h… [+2036 chars]"
"{'id': None, 'name': 'CleanTechnica'}",Zachary Shahan,Elon Musk Expects Tesla Vehicle Sales Growth In 2024,"One of the big surprises this year so far was Tesla’s Q1 sales dropping year over year. Tesla said for a long time its goal was 50% growth year over year. Yes, Elon Musk and crew also qualified that to say it wasn’t expected to be steady growth and some ... […",https://cleantechnica.com/2024/04/23/elon-musk-expects-tesla-vehicle-sales-growth-in-2024/,https://cleantechnica.com/wp-content/uploads/2024/04/Q1-Tesla-quarterly-market-share-by-region.png,2024-04-24T03:46:27Z,"Sign up for daily news updates from CleanTechnica on email. Or follow us on Google News!
One of the big surprises this year so far was Tesla’s Q1 sales dropping year over year. Tesla said for a long… [+3727 chars]"
"{'id': None, 'name': 'CleanTechnica'}",Guest Contributor,"Tesla Cybertruck Review — 3,000 Miles in 10 Days","My wife Becky and I received our AWD (2 engine) Cybertruck on March 29th, 2024, at the Seattle Tesla Service Center. The delivery experience was smooth and pleasant. I was excited to see how the Cybertruck compared to my 2016 Model S, which has 116,000 miles …",https://cleantechnica.com/2024/05/01/tesla-cybertruck-review-3000-miles-in-10-days/,https://cleantechnica.com/wp-content/uploads/2024/05/Tesla-Cybertruck-Baja-Mode.jpg,2024-05-01T11:03:29Z,"Sign up for daily news updates from CleanTechnica on email. Or follow us on Google News!
My wife Becky and I received our AWD (2 engine) Cybertruck on March 29th, 2024, at the Seattle Tesla Service … [+15030 chars]"
"{'id': None, 'name': 'CleanTechnica'}",Zachary Shahan,"Tesla Still Sells More EVs In USA Than Ford, Chevrolet, Hyundai, Kia, Audi, BMW, Chevrolet, & Toyota Combined","Actually, wait, Tesla still sells more electric cars in the USA than every other automaker combined. The company accounted for 55% of US EV sales in the first quarter. First, let’s look through some charts. Then, I’ll get to editorializing on this. These firs…",https://cleantechnica.com/2024/05/04/tesla-still-sells-more-evs-in-usa-than-ford-chevrolet-hyundai-kia-audi-bmw-chevrolet-toyota-combined/,https://cleantechnica.com/wp-content/uploads/2024/05/US-EV-Sales-Q1-2024-by-Group.png,2024-05-05T03:57:07Z,"Sign up for daily news updates from CleanTechnica on email. Or follow us on Google News!
Actually, wait, Tesla still sells more electric cars in the USA than every other automaker combined. The comp… [+2040 chars]"
"{'id': 'next-big-future', 'name': 'Next Big Future'}",Brian Wang,Why is Tesla FSD a Big Deal Even Before Robotaxi?,Every Tesla FSD sale even with the price cuts is $8000 per car or $99 per month. The $99 per month is $1200 per year or $7200 for six years. Tesla has the highest profit per car of all car makers at $7000 per car. This is why Tesla FSD before robotaxi is a bi…,https://www.nextbigfuture.com/2024/04/why-is-tesla-fsd-a-big-deal-even-before-robotaxi.html,https://nextbigfuture.s3.amazonaws.com/uploads/2024/04/Screen-Shot-2024-04-29-at-9.49.16-AM.jpg,2024-04-29T16:51:23Z,Every Tesla FSD sale even with the price cuts is $8000 per car or $99 per month. The $99 per month is $1200 per year or $7200 for six years. Tesla has the highest profit per car of all car makers at … [+3750 chars]
"{'id': 'next-big-future', 'name': 'Next Big Future'}",Brian Wang,Tesla Has 400 Exaflops of AI Training Compute,"I talked with Herbert Ong about Tesla compute and how I believed Tesla had 100,000 H100 ordered. I only wondered if they were installed and operating. I also told Herbert that I expected large Nvidia B200 orders by Tesla and XAI so that they each add another …",https://www.nextbigfuture.com/2024/04/tesla-has-400-exaflops-of-ai-training-compute.html,https://nextbigfuture.s3.amazonaws.com/uploads/2024/04/Screen-Shot-2024-04-19-at-11.26.50-PM-1-1024x614.jpg,2024-04-20T06:34:53Z,"I talked with Herbert Ong about Tesla compute and how I believed Tesla had 100,000 H100 ordered. I only wondered if they were installed and operating.
I also told Herbert that I expected large Nvidi… [+1775 chars]"
"{'id': 'next-big-future', 'name': 'Next Big Future'}",Brian Wang,Future Tesla FSD Will Merge and Expand with XAI Grok,"Future versions of Tesla FSD will likely merge with XAI Grok. While Elon Musk has expressed concerns about building too much of his new AI ideas into Tesla unless he has 25% voting control, the need to make a competitive AI will force Tesla FSD to work with X…",https://www.nextbigfuture.com/2024/04/future-tesla-fsd-will-merge-and-expand-with-xai-grok.html,https://nextbigfuture.s3.amazonaws.com/uploads/2024/04/Screen-Shot-2024-04-22-at-9.50.15-AM.jpg,2024-04-22T16:56:08Z,"Future versions of Tesla FSD will likely merge with XAI Grok. While Elon Musk has expressed concerns about building too much of his new AI ideas into Tesla unless he has 25% voting control, the need … [+3030 chars]"
"{'id': 'next-big-future', 'name': 'Next Big Future'}",Brian Wang,Did Elon Cut Tesla Supercharging as a Power Move?,"There has been a lot of speculation about why Tesla cut the 500 person team for Tesla Supercharging infrastructure. Patrick Bet David, successful entrepreneur, podcaster and youtuber has posted the case that Elon Musk cut the Tesla Supercharging infrastructur…",https://www.nextbigfuture.com/2024/05/did-elon-cut-tesla-supercharging-as-a-power-move.html,https://nextbigfuture.s3.amazonaws.com/uploads/2024/05/Screen-Shot-2024-05-04-at-2.04.11-PM.jpg,2024-05-04T21:13:42Z,"There has been a lot of speculation about why Tesla cut the 500 person team for Tesla Supercharging infrastructure. Patrick Bet David, successful entrepreneur, podcaster and youtuber has posted the c… [+7520 chars]"
"{'id': None, 'name': 'Ozbargain.com.au'}",Bippz01,"Tesla Model 3 Performance $82,700 Delivered + on-Road Costs @ Tesla","These are the website prices for QLD personal use.

The PERFORMANCE version has been relaunched.
All-new high-performance drive units deliver a combined 460 horsepower and 0-100 km/h in 3.1 seconds. Welcome to the most powerful Model 3 ever.

528 km Range (WL…",https://www.ozbargain.com.au/node/842643,https://files.ozbargain.com.au/n/43/842643x.jpg?h=24396263,2024-04-24T05:55:43Z,"These are the website prices for QLD personal use.
The PERFORMANCE version has been relaunched.All-new high-performance drive units deliver a combined 460 horsepower and 0-100 km/h in 3.1 seconds. W… [+204 chars]"
"{'id': None, 'name': 'Techreport.com'}",Krishi Chowdhary,"Tesla Decides to Recall 3,878 Cybertrucks over Concerns about Unintentional Acceleration","Tesla has decided to recall all Cybertrucks it made, 3878 to be precise, fearing they might automatically accelerate. The Friday filing from the US National Highway Traffic Safety Administration (NHTSA)...
The post Tesla Decides to Recall 3,878 Cybertrucks ov…",https://techreport.com/news/tesla-recall-cybertrucks-unintentional-acceleration/,https://techreport.com/wp-content/uploads/2024/04/Tesla-Cybertruck-scaled.jpg?_t=1713696701,2024-04-21T08:11:08Z,<ul><li> Tesla has announced that it will recall all Cybertrucks made between November and April after it received complaints that the cars might unintentionally accelerate</li><li> Affected customer… [+2675 chars]
"{'id': None, 'name': 'The Indian Express'}","Sonal Gupta, Ayesha Jain",Daily Briefing: Delhi Congress chief resigns; troubles for MDH; Virat Kohli hits out at critics; and more,In today’s edition: A Lok Sabha election wrap; troubles for MDH; Elon Musk’s China visit; Virat Kohli hits out at critics; and more,https://indianexpress.com/article/live-news/daily-briefing-top-news-today-9296264/,https://images.indianexpress.com/2024/04/cover_a5b45e.jpg,2024-04-29T03:34:48Z,"In mounting trouble for Congress, its Delhi chief Arvinder Singh Lovely resigned from the party, citing its alliance with the Aam Aadmi Party (AAP). Lovely’s decision signals at more exits from the C… [+3670 chars]"
"{'id': 'next-big-future', 'name': 'Next Big Future'}",Brian Wang,Panel Discussion on Tesla Getting China Approvals and Baidu FSD Map Deal,"I was on a youtube panel discussion with Herbert Ong, Jeff Lutz and Xander Sky. We were talking yesterday about the major Tesla deal with Baidu for FSD mapping and for the various China approvals that put Tesla on the brink of being fully authorized to sell F…",https://www.nextbigfuture.com/2024/04/panel-discussion-on-tesla-getting-china-approvals-and-baidu-fsd-map-deal.html,https://nextbigfuture.s3.amazonaws.com/uploads/2024/04/Screen-Shot-2024-04-30-at-2.50.55-PM-1024x441.jpg,2024-04-30T21:53:10Z,"I was on a youtube panel discussion with Herbert Ong, Jeff Lutz and Xander. We were talking yesterday about the major Tesla deal with Baidu for FSD mapping and for the various China approvals that pu… [+2569 chars]"
